name	fasta	chrom	start	end	fwd	fwdLen	rev	revLen	amplicom	amplicomLen	amplicomClean	amplicomCleanLen	amplicomDiff	str
15_234250_237070_G010_235476_235599_P01	original/cbs7750_DE_NOVO_LAST.fasta	supercontig_1.15_of_Cryptococcus_neoformans_Serotype_B_CBS7750_SOAP_DE_NOVO	235102	235807	GTGCATTCCGTAAACGTCATGTAGACG	27	ACCTTCATCATCTTCCCCCACTTCAT	26	AACCATCAAACGGTACGCTCTCTTTTGCATGCGCGTTAGCGTCAAGTATCAACGTCGTCTACACACTGCGGAAAGAAGGGGACCAGCAAACTTACTTCTGGATCATAATAACATAGCAAAGTAGCTGCTATCGGCCCCATCCCTTGTACGTATCCACATGTGGGACATAGTTGGCTAAAGGCATGAAGCACATGCCACAAGTTTCTTTGACCAGTACCGTAGCGGGTGATAAACAAGGTATGACCGCTTATAGTCCGGGGTACATCAAGGTCGATTTGGACGTCAAAAGTAGATGGTAGATTGACGGCTTCCTAAAAGCACCGCAGTCAGGCCCTTGGTCTTTTTCAnnnnnnnnnnnnnnnnnnnnnnnnnnnnnnnnnnnnnnnnnnnnnnnnnnnnnnnnnnnnnnnnnnnnnnnnnnnnnnnnnnnnnnnnnnnnnnnnnnnnnnnnnnnnnnnnnnnnnnnnnnnnCCAAGCCGCCATACGCCACCTATCGGGTATGCCTTTATATACCCTATTCGGTAACTATACGCTTCATGAGATTCTACATGGTTTTGTCTTGGAAAAGAGGGAAAGTAAACTCACTTTGGCACCCTGGCCATCTCGGCTCCACTGCCATTCAATGATATTTCCTCCAGCATCTCTCCGCTTA	652	AACCATCAAACGGTACGCTCTCTTTTGCATGCGCGTTAGCGTCAAGTATCAACGTCGTCTACACACTGCGGAAAGAAGGGGACCAGCAAACTTACTTCTGGATCATAATAACATAGCAAAGTAGCTGCTATCGGCCCCATCCCTTGTACGTATCCACATGTGGGACATAGTTGGCTAAAGGCATGAAGCACATGCCACAAGTTTCTTTGACCAGTACCGTAGCGGGTGATAAACAAGGTATGACCGCTTATAGTCCGGGGTACATCAAGGTCGATTTGGACGTCAAAAGTAGATGGTAGATTGACGGCTTCCTAAAAGCACCGCAGTCAGGCCCTTGGTCTTTTTCACCAAGCCGCCATACGCCACCTATCGGGTATGCCTTTATATACCCTATTCGGTAACTATACGCTTCATGAGATTCTACATGGTTTTGTCTTGGAAAAGAGGGAAAGTAAACTCACTTTGGCACCCTGGCCATCTCGGCTCCACTGCCATTCAATGATATTTCCTCCAGCATCTCTCCGCTTA	528	124	1 NAME 15_234250_237070_G010_235476_235599_P01 CHROM supercontig_1.15_of_Cryptococcus_neoformans_Serotype_B_CBS7750_SOAP_DE_NOVO START 235102 END 235807 FWD 27 REV 26 AMPLICOM 652 AMPLICOM CLEAN 528 AMPLICOM DIFF124
17_332860_335583_G000_333810_333890_PALL	original/cbs7750_DE_NOVO_LAST.fasta	supercontig_1.17_of_Cryptococcus_neoformans_Serotype_B_CBS7750_SOAP_DE_NOVO	333742	335150	CTGGCGACATGGTCTGGGTGCAAGACTACCAC	32	AAACTGTTCAACTATGTCAGCAAGTACAC	29	CTTATGCTTCTCCCTATGTTGCTCCGCTCCATGATCnnnnnnnnnnnnnnnnnnnnnnnnnnnnnnnnnnnnnnnnnnnnnnnnnnnnnnnnnnnnnnnnnnnnnnnnnnnnnnnnnGAAGTGCTCAAGATGGATCCTGGAGTCGCACAGGCGGAGGATGAAGGTGTGGAGATGTTGGGTGATGTAGAGGAGGAAGGTGGGGAGATGGATGTAAAGTCTAGTCCATCCAAGAGGCCTCCTTACGCGAGGGGAATGAGTACTTTCCAGAAGCAAGAGATGGTGGCCAAGGAGAAGGGTAAGGAAGGGATTAGGATTGGTTTCTTTTTGCATACTCCTTTCCCGTCAAGTGAGATTTATAGAATCTTGCCTGTTCGAAGGGAAATCTTGTTGGGTGTGCTTCAGTGTGACCTTATTGGGTAGGTTTTTACATTCATTTTCTTGTGCTTTTAAAAACCTGGCTAAATCATTCTTTTTCTGTAGATTCCACACGTATGACTATGCTCGACACTTCCTCTCATCCTGTACCCGTATCCTCGGTCTCGAGACTCAGCCGAACGGTATTGAATTTGACGGCCGATACTGCCAAGTCGGCACCTATCCCATCGGTATCGACCCTAACCAGTTTGTCGAAGGTCTTCAAAAAGAATCCATTGTCAAGCGTCTTCGTTCGCTGGAAGCTAGATTTGAGGGTGTCAAGGTTATCATCGGTGTTGACCGTTTGGACTACATCAAGGGTATTCCTCAAAAACTCCAAGCACTCGAAACTTTCCTTACCCAACACCCCGAGTGGATCGGCAAAGTTGTGTTGGTCCAGCTGGCCATTCCATCCCGACAAGATGTGGAGGAGTACCAAGATTTGCGAGCTTGCGTGAATGAACTTGTCGGTAGGATCAATGGTCGATTCGGGACGGTGGAAAGTGTGCCGATTCATTATATGCACAAGAGCGTGCCATTTGAAGAGTTGACGGCAATGTATGCCTTGGCGGATGCTTGTTTGGTGACTTCAACCAGGGATGGTATGAATTTGGTAAGCTCCTTCCCTCCCTTTTTTTGGGTACTGGCTTGGACTGGnnnnnnnnnnnnnnnnnnnnnnnnnnnnnnnnnnnnnnnnnnnnnnnnnnnnnnnnnnnnnnnTATGATCCTCTCCGAGTTTGCTGGTGCAGCCCAAAGTTTCAACGGTAGTCTTCTTATCAACCCGTGTACGTCCCGCGATTCCCTTGCTTCATGTCATTGTCAAGTGAGGCTGATCCGTTTTCTCCCTTGTTTTTAGGGGACGTTCAATCTACGGCCGATGCGATCTATCAAGCTCTCACGTTATCTCCCCAGCAGAGGAAGAGTAACTGGCAA	1347	CTTATGCTTCTCCCTATGTTGCTCCGCTCCATGATCGAAGTGCTCAAGATGGATCCTGGAGTCGCACAGGCGGAGGATGAAGGTGTGGAGATGTTGGGTGATGTAGAGGAGGAAGGTGGGGAGATGGATGTAAAGTCTAGTCCATCCAAGAGGCCTCCTTACGCGAGGGGAATGAGTACTTTCCAGAAGCAAGAGATGGTGGCCAAGGAGAAGGGTAAGGAAGGGATTAGGATTGGTTTCTTTTTGCATACTCCTTTCCCGTCAAGTGAGATTTATAGAATCTTGCCTGTTCGAAGGGAAATCTTGTTGGGTGTGCTTCAGTGTGACCTTATTGGGTAGGTTTTTACATTCATTTTCTTGTGCTTTTAAAAACCTGGCTAAATCATTCTTTTTCTGTAGATTCCACACGTATGACTATGCTCGACACTTCCTCTCATCCTGTACCCGTATCCTCGGTCTCGAGACTCAGCCGAACGGTATTGAATTTGACGGCCGATACTGCCAAGTCGGCACCTATCCCATCGGTATCGACCCTAACCAGTTTGTCGAAGGTCTTCAAAAAGAATCCATTGTCAAGCGTCTTCGTTCGCTGGAAGCTAGATTTGAGGGTGTCAAGGTTATCATCGGTGTTGACCGTTTGGACTACATCAAGGGTATTCCTCAAAAACTCCAAGCACTCGAAACTTTCCTTACCCAACACCCCGAGTGGATCGGCAAAGTTGTGTTGGTCCAGCTGGCCATTCCATCCCGACAAGATGTGGAGGAGTACCAAGATTTGCGAGCTTGCGTGAATGAACTTGTCGGTAGGATCAATGGTCGATTCGGGACGGTGGAAAGTGTGCCGATTCATTATATGCACAAGAGCGTGCCATTTGAAGAGTTGACGGCAATGTATGCCTTGGCGGATGCTTGTTTGGTGACTTCAACCAGGGATGGTATGAATTTGGTAAGCTCCTTCCCTCCCTTTTTTTGGGTACTGGCTTGGACTGGTATGATCCTCTCCGAGTTTGCTGGTGCAGCCCAAAGTTTCAACGGTAGTCTTCTTATCAACCCGTGTACGTCCCGCGATTCCCTTGCTTCATGTCATTGTCAAGTGAGGCTGATCCGTTTTCTCCCTTGTTTTTAGGGGACGTTCAATCTACGGCCGATGCGATCTATCAAGCTCTCACGTTATCTCCCCAGCAGAGGAAGAGTAACTGGCAA	1203	144	1 NAME 17_332860_335583_G000_333810_333890_PALL CHROM supercontig_1.17_of_Cryptococcus_neoformans_Serotype_B_CBS7750_SOAP_DE_NOVO START 333742 END 335150 FWD 32 REV 29 AMPLICOM 1347 AMPLICOM CLEAN 1203 AMPLICOM DIFF144
17_332860_335583_G010_333810_333890_P1	original/cbs7750_DE_NOVO_LAST.fasta	supercontig_1.17_of_Cryptococcus_neoformans_Serotype_B_CBS7750_SOAP_DE_NOVO	333742	334622	CTGGCGACATGGTCTGGGTGCAAGACTACCAC	32	TTCCATCCCGACAAGATGTGGAGGAGT	27	CTTATGCTTCTCCCTATGTTGCTCCGCTCCATGATCnnnnnnnnnnnnnnnnnnnnnnnnnnnnnnnnnnnnnnnnnnnnnnnnnnnnnnnnnnnnnnnnnnnnnnnnnnnnnnnnnGAAGTGCTCAAGATGGATCCTGGAGTCGCACAGGCGGAGGATGAAGGTGTGGAGATGTTGGGTGATGTAGAGGAGGAAGGTGGGGAGATGGATGTAAAGTCTAGTCCATCCAAGAGGCCTCCTTACGCGAGGGGAATGAGTACTTTCCAGAAGCAAGAGATGGTGGCCAAGGAGAAGGGTAAGGAAGGGATTAGGATTGGTTTCTTTTTGCATACTCCTTTCCCGTCAAGTGAGATTTATAGAATCTTGCCTGTTCGAAGGGAAATCTTGTTGGGTGTGCTTCAGTGTGACCTTATTGGGTAGGTTTTTACATTCATTTTCTTGTGCTTTTAAAAACCTGGCTAAATCATTCTTTTTCTGTAGATTCCACACGTATGACTATGCTCGACACTTCCTCTCATCCTGTACCCGTATCCTCGGTCTCGAGACTCAGCCGAACGGTATTGAATTTGACGGCCGATACTGCCAAGTCGGCACCTATCCCATCGGTATCGACCCTAACCAGTTTGTCGAAGGTCTTCAAAAAGAATCCATTGTCAAGCGTCTTCGTTCGCTGGAAGCTAGATTTGAGGGTGTCAAGGTTATCATCGGTGTTGACCGTTTGGACTACATCAAGGGTATTCCTCAAAAACTCCAAGCACTCGAAACTTTCCTTACCCAACACCCCGAGTGGATCGGCAAAGTTGTGTTGGTCCAGCTGGCCA	821	CTTATGCTTCTCCCTATGTTGCTCCGCTCCATGATCGAAGTGCTCAAGATGGATCCTGGAGTCGCACAGGCGGAGGATGAAGGTGTGGAGATGTTGGGTGATGTAGAGGAGGAAGGTGGGGAGATGGATGTAAAGTCTAGTCCATCCAAGAGGCCTCCTTACGCGAGGGGAATGAGTACTTTCCAGAAGCAAGAGATGGTGGCCAAGGAGAAGGGTAAGGAAGGGATTAGGATTGGTTTCTTTTTGCATACTCCTTTCCCGTCAAGTGAGATTTATAGAATCTTGCCTGTTCGAAGGGAAATCTTGTTGGGTGTGCTTCAGTGTGACCTTATTGGGTAGGTTTTTACATTCATTTTCTTGTGCTTTTAAAAACCTGGCTAAATCATTCTTTTTCTGTAGATTCCACACGTATGACTATGCTCGACACTTCCTCTCATCCTGTACCCGTATCCTCGGTCTCGAGACTCAGCCGAACGGTATTGAATTTGACGGCCGATACTGCCAAGTCGGCACCTATCCCATCGGTATCGACCCTAACCAGTTTGTCGAAGGTCTTCAAAAAGAATCCATTGTCAAGCGTCTTCGTTCGCTGGAAGCTAGATTTGAGGGTGTCAAGGTTATCATCGGTGTTGACCGTTTGGACTACATCAAGGGTATTCCTCAAAAACTCCAAGCACTCGAAACTTTCCTTACCCAACACCCCGAGTGGATCGGCAAAGTTGTGTTGGTCCAGCTGGCCA	740	81	1 NAME 17_332860_335583_G010_333810_333890_P1 CHROM supercontig_1.17_of_Cryptococcus_neoformans_Serotype_B_CBS7750_SOAP_DE_NOVO START 333742 END 334622 FWD 32 REV 27 AMPLICOM 821 AMPLICOM CLEAN 740 AMPLICOM DIFF81
17_332860_335583_G020_334845_334907_P2	original/cbs7750_DE_NOVO_LAST.fasta	supercontig_1.17_of_Cryptococcus_neoformans_Serotype_B_CBS7750_SOAP_DE_NOVO	334595	335150	TTCCATCCCGACAAGATGTGGAGGAGT	27	AAACTGTTCAACTATGTCAGCAAGTACAC	29	ACCAAGATTTGCGAGCTTGCGTGAATGAACTTGTCGGTAGGATCAATGGTCGATTCGGGACGGTGGAAAGTGTGCCGATTCATTATATGCACAAGAGCGTGCCATTTGAAGAGTTGACGGCAATGTATGCCTTGGCGGATGCTTGTTTGGTGACTTCAACCAGGGATGGTATGAATTTGGTAAGCTCCTTCCCTCCCTTTTTTTGGGTACTGGCTTGGACTGGnnnnnnnnnnnnnnnnnnnnnnnnnnnnnnnnnnnnnnnnnnnnnnnnnnnnnnnnnnnnnnnTATGATCCTCTCCGAGTTTGCTGGTGCAGCCCAAAGTTTCAACGGTAGTCTTCTTATCAACCCGTGTACGTCCCGCGATTCCCTTGCTTCATGTCATTGTCAAGTGAGGCTGATCCGTTTTCTCCCTTGTTTTTAGGGGACGTTCAATCTACGGCCGATGCGATCTATCAAGCTCTCACGTTATCTCCCCAGCAGAGGAAGAGTAACTGGCAA	499	ACCAAGATTTGCGAGCTTGCGTGAATGAACTTGTCGGTAGGATCAATGGTCGATTCGGGACGGTGGAAAGTGTGCCGATTCATTATATGCACAAGAGCGTGCCATTTGAAGAGTTGACGGCAATGTATGCCTTGGCGGATGCTTGTTTGGTGACTTCAACCAGGGATGGTATGAATTTGGTAAGCTCCTTCCCTCCCTTTTTTTGGGTACTGGCTTGGACTGGTATGATCCTCTCCGAGTTTGCTGGTGCAGCCCAAAGTTTCAACGGTAGTCTTCTTATCAACCCGTGTACGTCCCGCGATTCCCTTGCTTCATGTCATTGTCAAGTGAGGCTGATCCGTTTTCTCCCTTGTTTTTAGGGGACGTTCAATCTACGGCCGATGCGATCTATCAAGCTCTCACGTTATCTCCCCAGCAGAGGAAGAGTAACTGGCAA	436	63	1 NAME 17_332860_335583_G020_334845_334907_P2 CHROM supercontig_1.17_of_Cryptococcus_neoformans_Serotype_B_CBS7750_SOAP_DE_NOVO START 334595 END 335150 FWD 27 REV 29 AMPLICOM 499 AMPLICOM CLEAN 436 AMPLICOM DIFF63
17_949_2557_G010_2287_2406_P01	original/cbs7750_DE_NOVO_LAST.fasta	supercontig_1.17_of_Cryptococcus_neoformans_Serotype_B_CBS7750_SOAP_DE_NOVO	1889	2860	ACGTACCTTGTCCAGCAGTATCCA	24	CCTGTCGTCGGAGGGTCTTGGCGTA	25	GAACTTCTAGTAAACAGGGCTGATCGTCTACAACCCATTGTTTGCGATAACAATCTTCAATGGTAGGATCGTATGTCTAAACAAGTTGTGGTTAGCATGAAAATCCCGTATAACCTTGCCCGAGCGTTTCTCGTAAAGAGAAAAGACAACCAACCTCGACGAATGAAGACATTGTAAACTATTCCTCAGCTGTCAGTTCCCCCCCCTTTTTTTTAATCCCCGGTCAAAAGGTAGGGAGGAAGGGTGAAACTCACTTGGACTGTTATGGCAGTTTTACCGACACCTCCGCCGCCGAGGACGGTTATCTTGAAGAGCATTCGTACTGGGTGACCCTGTTTGGCATGAAAATGTCGGC-AGCTTTTCCCTTCTGGGTTnnnnnnnnnnnnnnnnnnnnnnnnnnnnnnnnnnnnnnnnnnnnnnnnnnnnnnnnnnnnnnnnnnnnnnnnnnnnnnnnnnnnnnnnnnnnnnnnnnnnnnnnnnnnnnnnnnnnnnnATGGGCTTGTTGTGCTCAAAGAACGTCTGGTGGCTCGTGCTTGCTTCACGTCGTCGCGGACCTCCACCACAAACACTTCAGCTCAACAATCAATCGGCGCGTCCGTCCCTTCACCGTAATCGTCCTTGAATCGCAAAACACCCGCAACGTTTATGCGAAATATACTGTTTTAATGCGCCACACACACACACACAAGACCGAGTTTGGATTATTACACTCATTCACGTCACGCCACAAAAGTCCACAAACAAAAGTGCAACTGTACAGTATTCACAAAAGGGGAAAATAAAAATGTCTCCATCACCTAGGCTAAAACCCTAAACAACCACCTTAAGCAGCGTGGAGAATCTCGAGGAACTCCTTGCCAGCAGCGCCGGGAACAGACTTCTTGACGGAGCCCTTGGCCTTTCGCTGGGAAGCGAGGAGCT	922	GAACTTCTAGTAAACAGGGCTGATCGTCTACAACCCATTGTTTGCGATAACAATCTTCAATGGTAGGATCGTATGTCTAAACAAGTTGTGGTTAGCATGAAAATCCCGTATAACCTTGCCCGAGCGTTTCTCGTAAAGAGAAAAGACAACCAACCTCGACGAATGAAGACATTGTAAACTATTCCTCAGCTGTCAGTTCCCCCCCCTTTTTTTTAATCCCCGGTCAAAAGGTAGGGAGGAAGGGTGAAACTCACTTGGACTGTTATGGCAGTTTTACCGACACCTCCGCCGCCGAGGACGGTTATCTTGAAGAGCATTCGTACTGGGTGACCCTGTTTGGCATGAAAATGTCGGC-AGCTTTTCCCTTCTGGGTTATGGGCTTGTTGTGCTCAAAGAACGTCTGGTGGCTCGTGCTTGCTTCACGTCGTCGCGGACCTCCACCACAAACACTTCAGCTCAACAATCAATCGGCGCGTCCGTCCCTTCACCGTAATCGTCCTTGAATCGCAAAACACCCGCAACGTTTATGCGAAATATACTGTTTTAATGCGCCACACACACACACACAAGACCGAGTTTGGATTATTACACTCATTCACGTCACGCCACAAAAGTCCACAAACAAAAGTGCAACTGTACAGTATTCACAAAAGGGGAAAATAAAAATGTCTCCATCACCTAGGCTAAAACCCTAAACAACCACCTTAAGCAGCGTGGAGAATCTCGAGGAACTCCTTGCCAGCAGCGCCGGGAACAGACTTCTTGACGGAGCCCTTGGCCTTTCGCTGGGAAGCGAGGAGCT	803	119	1 NAME 17_949_2557_G010_2287_2406_P01 CHROM supercontig_1.17_of_Cryptococcus_neoformans_Serotype_B_CBS7750_SOAP_DE_NOVO START 1889 END 2860 FWD 24 REV 25 AMPLICOM 922 AMPLICOM CLEAN 803 AMPLICOM DIFF119
18_242248_248680_G010_242536_242649_P1	original/cbs7750_DE_NOVO_LAST.fasta	supercontig_1.18_of_Cryptococcus_neoformans_Serotype_B_CBS7750_SOAP_DE_NOVO	242474	242731	ATCAAGGGGCACCAGACACTTCGCA	25	AGGATATCAGAGTTCCCTTTGGTGGT	26	CTGATGAACTTGTCCCTCCCTTCCATCGCGAATTGCCnnnnnnnnnnnnnnnnnnnnnnnnnnnnnnnnnnnnnnnnnnnnnnnnnnnnnnnnnnnnnnnnnnnnnnnnnnnnnnnnnnnnnnnnnnnnnnnnnnnnnnnnnnnnnnnnnnCCTGACATACGCTCATTCCCCGCCGGCAAAGCATCTTTATCCTCTTTCGCTTTTG	206	CTGATGAACTTGTCCCTCCCTTCCATCGCGAATTGCCCCTGACATACGCTCATTCCCCGCCGGCAAAGCATCTTTATCCTCTTTCGCTTTTG	92	114	1 NAME 18_242248_248680_G010_242536_242649_P1 CHROM supercontig_1.18_of_Cryptococcus_neoformans_Serotype_B_CBS7750_SOAP_DE_NOVO START 242474 END 242731 FWD 25 REV 26 AMPLICOM 206 AMPLICOM CLEAN 92 AMPLICOM DIFF114
18_242248_248680_G020_242799_242853_P2	original/cbs7750_DE_NOVO_LAST.fasta	supercontig_1.18_of_Cryptococcus_neoformans_Serotype_B_CBS7750_SOAP_DE_NOVO	242474	242992	ATCAAGGGGCACCAGACACTTCGCA	25	CCTCTCGTCAAGCGCCTTGTCGTCGTTCC	29	CTGATGAACTTGTCCCTCCCTTCCATCGCGAATTGCCnnnnnnnnnnnnnnnnnnnnnnnnnnnnnnnnnnnnnnnnnnnnnnnnnnnnnnnnnnnnnnnnnnnnnnnnnnnnnnnnnnnnnnnnnnnnnnnnnnnnnnnnnnnnnnnnnnCCTGACATACGCTCATTCCCCGCCGGCAAAGCATCTTTATCCTCTTTCGCTTTTGAGGATATCAGAGTTCCCTTTGGTGGTGGTTGGTATTGCCGTGGACGGCGATGAGGATACTTTATCCCGGACACAGGAGCATCAGGAGGTGGAAGnnnnnnnnnnnnnnnnnnnnnnnnnnnnnnnnnnnnnnnnnnnnnnnnnnnnnnnTCCGACACTACCTACATCTTCCAAATCAAAATCTGCTTCATCGCAAGATACCCTAGAGACGGCATTCGACCGTACACTCTCTTCTCTTTTCCCTTCCAATTCTCCGTTC	464	CTGATGAACTTGTCCCTCCCTTCCATCGCGAATTGCCCCTGACATACGCTCATTCCCCGCCGGCAAAGCATCTTTATCCTCTTTCGCTTTTGAGGATATCAGAGTTCCCTTTGGTGGTGGTTGGTATTGCCGTGGACGGCGATGAGGATACTTTATCCCGGACACAGGAGCATCAGGAGGTGGAAGTCCGACACTACCTACATCTTCCAAATCAAAATCTGCTTCATCGCAAGATACCCTAGAGACGGCATTCGACCGTACACTCTCTTCTCTTTTCCCTTCCAATTCTCCGTTC	295	169	1 NAME 18_242248_248680_G020_242799_242853_P2 CHROM supercontig_1.18_of_Cryptococcus_neoformans_Serotype_B_CBS7750_SOAP_DE_NOVO START 242474 END 242992 FWD 25 REV 29 AMPLICOM 464 AMPLICOM CLEAN 295 AMPLICOM DIFF169
18_242248_248680_G030_243535_243629_P3	original/cbs7750_DE_NOVO_LAST.fasta	supercontig_1.18_of_Cryptococcus_neoformans_Serotype_B_CBS7750_SOAP_DE_NOVO	242963	243748	CCTCTCGTCAAGCGCCTTGTCGTCGTTCC	29	AGTAGTTCTTCGACGAGCATGGCAGG	26	AAATCCCAATCTCGGTGCGAATGCGAGCAAAGAGAGGAAAGGAAAGGGTGGAGGGGAAGTGCTGTATGCGCCACGGGAAGGTCTGGAGCAATGGATAACCAAGCTGGTTGGAGAAGTCGTTGGTGACGCCCTTGGAGAATTGGGTGTTATCGTAAGCCTCCTTGGTCTCATTTGTAGCAGGTGTACACAGGAAAAGCTGATCACCAGGTAATAGGCTGCATATTTAGAGACCCCGTCCGGTTTACAGACACTTTCGTCGACCATCCTCCCATCTCTCACTTGTCTGCCACCCCCATCATCATCGGCTGGAACGGCCGGGAATTCAAGTAACAACTTTTTCCCCCACCCACGATCTGAAACTCCCAACTCTTACATCTCCAACGCTTCTACTCGTTCCAGCACGACCAGATCCACTCCAACAATAGCTGGTGACATAGTCGGTAAAGTCCGGTGTATCACCCCAGGTGGTATCCCTTCCTCCGCTGCTATTACTGCCAGGGCTGGGGCAACTCAAACTCAACTTCCTATCGAGTTTCCCTTCCCnnnnnnnnnnnnnnnnnnnnnnnnnnnnnnnnnnnnnnnnnnnnnnnnnnnnnnnnnnnnnnnnnnnnnnnnnnnnnnnnnnnnnnnnnnnnnnnCGGGCAGGCCCAGTTCGACGATAGGTTCTTCATCTTCGTCTTTGACTAACCCTTTCAGGAGATCTTTGGCCGTGTCGTCGCCCTTTTCAAGA	730	AAATCCCAATCTCGGTGCGAATGCGAGCAAAGAGAGGAAAGGAAAGGGTGGAGGGGAAGTGCTGTATGCGCCACGGGAAGGTCTGGAGCAATGGATAACCAAGCTGGTTGGAGAAGTCGTTGGTGACGCCCTTGGAGAATTGGGTGTTATCGTAAGCCTCCTTGGTCTCATTTGTAGCAGGTGTACACAGGAAAAGCTGATCACCAGGTAATAGGCTGCATATTTAGAGACCCCGTCCGGTTTACAGACACTTTCGTCGACCATCCTCCCATCTCTCACTTGTCTGCCACCCCCATCATCATCGGCTGGAACGGCCGGGAATTCAAGTAACAACTTTTTCCCCCACCCACGATCTGAAACTCCCAACTCTTACATCTCCAACGCTTCTACTCGTTCCAGCACGACCAGATCCACTCCAACAATAGCTGGTGACATAGTCGGTAAAGTCCGGTGTATCACCCCAGGTGGTATCCCTTCCTCCGCTGCTATTACTGCCAGGGCTGGGGCAACTCAAACTCAACTTCCTATCGAGTTTCCCTTCCCCGGGCAGGCCCAGTTCGACGATAGGTTCTTCATCTTCGTCTTTGACTAACCCTTTCAGGAGATCTTTGGCCGTGTCGTCGCCCTTTTCAAGA	635	95	1 NAME 18_242248_248680_G030_243535_243629_P3 CHROM supercontig_1.18_of_Cryptococcus_neoformans_Serotype_B_CBS7750_SOAP_DE_NOVO START 242963 END 243748 FWD 29 REV 26 AMPLICOM 730 AMPLICOM CLEAN 635 AMPLICOM DIFF95
18_242248_248680_G040_244749_244931_P4	original/cbs7750_DE_NOVO_LAST.fasta	supercontig_1.18_of_Cryptococcus_neoformans_Serotype_B_CBS7750_SOAP_DE_NOVO	242963	243993	CCTCTCGTCAAGCGCCTTGTCGTCGTTCC	29	TCCTAAAGATTATTGCCGACTTTCTCCTCC	30	AAATCCCAATCTCGGTGCGAATGCGAGCAAAGAGAGGAAAGGAAAGGGTGGAGGGGAAGTGCTGTATGCGCCACGGGAAGGTCTGGAGCAATGGATAACCAAGCTGGTTGGAGAAGTCGTTGGTGACGCCCTTGGAGAATTGGGTGTTATCGTAAGCCTCCTTGGTCTCATTTGTAGCAGGTGTACACAGGAAAAGCTGATCACCAGGTAATAGGCTGCATATTTAGAGACCCCGTCCGGTTTACAGACACTTTCGTCGACCATCCTCCCATCTCTCACTTGTCTGCCACCCCCATCATCATCGGCTGGAACGGCCGGGAATTCAAGTAACAACTTTTTCCCCCACCCACGATCTGAAACTCCCAACTCTTACATCTCCAACGCTTCTACTCGTTCCAGCACGACCAGATCCACTCCAACAATAGCTGGTGACATAGTCGGTAAAGTCCGGTGTATCACCCCAGGTGGTATCCCTTCCTCCGCTGCTATTACTGCCAGGGCTGGGGCAACTCAAACTCAACTTCCTATCGAGTTTCCCTTCCCnnnnnnnnnnnnnnnnnnnnnnnnnnnnnnnnnnnnnnnnnnnnnnnnnnnnnnnnnnnnnnnnnnnnnnnnnnnnnnnnnnnnnnnnnnnnnnnCGGGCAGGCCCAGTTCGACGATAGGTTCTTCATCTTCGTCTTTGACTAACCCTTTCAGGAGATCTTTGGCCGTGTCGTCGCCCTTTTCAAGAAGTAGTTCTTCGACGAGCATGGCAGGGACCGGATCGCCTGCGTCTTCAAATTTGACCATCACTGGAGGAGGAGGAGGAGTTAGCGGGGCTTCGCCCGGGGTATCACCTTCGCCTTCCCCATCTCCCTCTCCTGTACCCACCCACCGCCCAAATTCCTCCCACCCACTTTCCAAGTACACCTCTCTCCCTCTCTCCTCCTCCTCCACAAACACTAGCATTCCGCCCCTCGCTACAGGTCGTC	971	AAATCCCAATCTCGGTGCGAATGCGAGCAAAGAGAGGAAAGGAAAGGGTGGAGGGGAAGTGCTGTATGCGCCACGGGAAGGTCTGGAGCAATGGATAACCAAGCTGGTTGGAGAAGTCGTTGGTGACGCCCTTGGAGAATTGGGTGTTATCGTAAGCCTCCTTGGTCTCATTTGTAGCAGGTGTACACAGGAAAAGCTGATCACCAGGTAATAGGCTGCATATTTAGAGACCCCGTCCGGTTTACAGACACTTTCGTCGACCATCCTCCCATCTCTCACTTGTCTGCCACCCCCATCATCATCGGCTGGAACGGCCGGGAATTCAAGTAACAACTTTTTCCCCCACCCACGATCTGAAACTCCCAACTCTTACATCTCCAACGCTTCTACTCGTTCCAGCACGACCAGATCCACTCCAACAATAGCTGGTGACATAGTCGGTAAAGTCCGGTGTATCACCCCAGGTGGTATCCCTTCCTCCGCTGCTATTACTGCCAGGGCTGGGGCAACTCAAACTCAACTTCCTATCGAGTTTCCCTTCCCCGGGCAGGCCCAGTTCGACGATAGGTTCTTCATCTTCGTCTTTGACTAACCCTTTCAGGAGATCTTTGGCCGTGTCGTCGCCCTTTTCAAGAAGTAGTTCTTCGACGAGCATGGCAGGGACCGGATCGCCTGCGTCTTCAAATTTGACCATCACTGGAGGAGGAGGAGGAGTTAGCGGGGCTTCGCCCGGGGTATCACCTTCGCCTTCCCCATCTCCCTCTCCTGTACCCACCCACCGCCCAAATTCCTCCCACCCACTTTCCAAGTACACCTCTCTCCCTCTCTCCTCCTCCTCCACAAACACTAGCATTCCGCCCCTCGCTACAGGTCGTC	876	95	1 NAME 18_242248_248680_G040_244749_244931_P4 CHROM supercontig_1.18_of_Cryptococcus_neoformans_Serotype_B_CBS7750_SOAP_DE_NOVO START 242963 END 243993 FWD 29 REV 30 AMPLICOM 971 AMPLICOM CLEAN 876 AMPLICOM DIFF95
18_242248_248680_G041_244749_244931_P5	original/cbs7750_DE_NOVO_LAST.fasta	supercontig_1.18_of_Cryptococcus_neoformans_Serotype_B_CBS7750_SOAP_DE_NOVO	242963	244523	CCTCTCGTCAAGCGCCTTGTCGTCGTTCC	29	AGGTGGCGTTGGGTTGTTTGGTGAGGCATGA	31	AAATCCCAATCTCGGTGCGAATGCGAGCAAAGAGAGGAAAGGAAAGGGTGGAGGGGAAGTGCTGTATGCGCCACGGGAAGGTCTGGAGCAATGGATAACCAAGCTGGTTGGAGAAGTCGTTGGTGACGCCCTTGGAGAATTGGGTGTTATCGTAAGCCTCCTTGGTCTCATTTGTAGCAGGTGTACACAGGAAAAGCTGATCACCAGGTAATAGGCTGCATATTTAGAGACCCCGTCCGGTTTACAGACACTTTCGTCGACCATCCTCCCATCTCTCACTTGTCTGCCACCCCCATCATCATCGGCTGGAACGGCCGGGAATTCAAGTAACAACTTTTTCCCCCACCCACGATCTGAAACTCCCAACTCTTACATCTCCAACGCTTCTACTCGTTCCAGCACGACCAGATCCACTCCAACAATAGCTGGTGACATAGTCGGTAAAGTCCGGTGTATCACCCCAGGTGGTATCCCTTCCTCCGCTGCTATTACTGCCAGGGCTGGGGCAACTCAAACTCAACTTCCTATCGAGTTTCCCTTCCCnnnnnnnnnnnnnnnnnnnnnnnnnnnnnnnnnnnnnnnnnnnnnnnnnnnnnnnnnnnnnnnnnnnnnnnnnnnnnnnnnnnnnnnnnnnnnnnCGGGCAGGCCCAGTTCGACGATAGGTTCTTCATCTTCGTCTTTGACTAACCCTTTCAGGAGATCTTTGGCCGTGTCGTCGCCCTTTTCAAGAAGTAGTTCTTCGACGAGCATGGCAGGGACCGGATCGCCTGCGTCTTCAAATTTGACCATCACTGGAGGAGGAGGAGGAGTTAGCGGGGCTTCGCCCGGGGTATCACCTTCGCCTTCCCCATCTCCCTCTCCTGTACCCACCCACCGCCCAAATTCCTCCCACCCACTTTCCAAGTACACCTCTCTCCCTCTCTCCTCCTCCTCCACAAACACTAGCATTCCGCCCCTCGCTACAGGTCGTCTCCTAAAGATTATTGCCGACTTTCTCCTCCTCTCCGGCCTTTTCTCAGATAGTATCGTCCTCTATGACGAAGCGATCCAGCGGTGTAAGGAAGTAGGGGATGTGCTTTGGGAAGCGGCAGCGAGGGAGGGAAGGGCGGTGGCGGGCATAGAGGAGGGTTGGGGGTGGAGAGCTGGAGGAGTGAGTCTTTTTTCTTTTTTTCACTAATCATATCCTAAATCCAGAAGCGCTAATGAAATTCAATCCCACTAAAAACGGGTATTGAAACCAGACCCAAACTCAGCCATTCCCCGCATCTCCCATCCCCAACGAGATCTTTTCACAATTCGTAGCTGCGCTAGGATGTATCAGTTCGGCGCCCTTGCTCTTCCCCGAGTTTGATGCAGGATCAGGATTAGGAATAGAATCAGGACAAATGCAACAGACAGCAATAGACCGTGGAACCCATCTCCTTGCCTACTTGTACGCCGGCCTCGCGCTCCGATTGGCTCATTTTTTGCTGATTGTTTGGGCGGCGGGCGGATGGGGCG	1500	AAATCCCAATCTCGGTGCGAATGCGAGCAAAGAGAGGAAAGGAAAGGGTGGAGGGGAAGTGCTGTATGCGCCACGGGAAGGTCTGGAGCAATGGATAACCAAGCTGGTTGGAGAAGTCGTTGGTGACGCCCTTGGAGAATTGGGTGTTATCGTAAGCCTCCTTGGTCTCATTTGTAGCAGGTGTACACAGGAAAAGCTGATCACCAGGTAATAGGCTGCATATTTAGAGACCCCGTCCGGTTTACAGACACTTTCGTCGACCATCCTCCCATCTCTCACTTGTCTGCCACCCCCATCATCATCGGCTGGAACGGCCGGGAATTCAAGTAACAACTTTTTCCCCCACCCACGATCTGAAACTCCCAACTCTTACATCTCCAACGCTTCTACTCGTTCCAGCACGACCAGATCCACTCCAACAATAGCTGGTGACATAGTCGGTAAAGTCCGGTGTATCACCCCAGGTGGTATCCCTTCCTCCGCTGCTATTACTGCCAGGGCTGGGGCAACTCAAACTCAACTTCCTATCGAGTTTCCCTTCCCCGGGCAGGCCCAGTTCGACGATAGGTTCTTCATCTTCGTCTTTGACTAACCCTTTCAGGAGATCTTTGGCCGTGTCGTCGCCCTTTTCAAGAAGTAGTTCTTCGACGAGCATGGCAGGGACCGGATCGCCTGCGTCTTCAAATTTGACCATCACTGGAGGAGGAGGAGGAGTTAGCGGGGCTTCGCCCGGGGTATCACCTTCGCCTTCCCCATCTCCCTCTCCTGTACCCACCCACCGCCCAAATTCCTCCCACCCACTTTCCAAGTACACCTCTCTCCCTCTCTCCTCCTCCTCCACAAACACTAGCATTCCGCCCCTCGCTACAGGTCGTCTCCTAAAGATTATTGCCGACTTTCTCCTCCTCTCCGGCCTTTTCTCAGATAGTATCGTCCTCTATGACGAAGCGATCCAGCGGTGTAAGGAAGTAGGGGATGTGCTTTGGGAAGCGGCAGCGAGGGAGGGAAGGGCGGTGGCGGGCATAGAGGAGGGTTGGGGGTGGAGAGCTGGAGGAGTGAGTCTTTTTTCTTTTTTTCACTAATCATATCCTAAATCCAGAAGCGCTAATGAAATTCAATCCCACTAAAAACGGGTATTGAAACCAGACCCAAACTCAGCCATTCCCCGCATCTCCCATCCCCAACGAGATCTTTTCACAATTCGTAGCTGCGCTAGGATGTATCAGTTCGGCGCCCTTGCTCTTCCCCGAGTTTGATGCAGGATCAGGATTAGGAATAGAATCAGGACAAATGCAACAGACAGCAATAGACCGTGGAACCCATCTCCTTGCCTACTTGTACGCCGGCCTCGCGCTCCGATTGGCTCATTTTTTGCTGATTGTTTGGGCGGCGGGCGGATGGGGCG	1405	95	1 NAME 18_242248_248680_G041_244749_244931_P5 CHROM supercontig_1.18_of_Cryptococcus_neoformans_Serotype_B_CBS7750_SOAP_DE_NOVO START 242963 END 244523 FWD 29 REV 31 AMPLICOM 1500 AMPLICOM CLEAN 1405 AMPLICOM DIFF95
18_242248_248680_G042_244749_244931_P6	original/cbs7750_DE_NOVO_LAST.fasta	supercontig_1.18_of_Cryptococcus_neoformans_Serotype_B_CBS7750_SOAP_DE_NOVO	244492	245339	AGGTGGCGTTGGGTTGTTTGGTGAGGCATGA	31	ACTCAAGGAAACGCCGGTATCTT	23	GTTGCCGAGATCGTTCTTACCCCCCATCCCCCCCATCTCCTCCTCCCCGTCCTCCTCCATGTCCCGTGCCCATGCCACCGCTACTACCTCGACGTACGCGCAAGAGGGAAAACGGAAATCCCACCTCCGGGTCTTATCGACCAGTTCCCAAATCCCGCGTCATTTCATCCTTTCCCTAGCGCGTCTGGCGACATCTCCTCCCATTTTACGATGTCTTCGGTCGTCCnnnnnnnnnnnnnnnnnnnnnnnnnnnnnnnnnnnnnnnnnnnnnnnnnnnnnnnnnnnnnnnnnnnnnnnnnnnnnnnnnnnnnnnnnnnnnnnnnnnnnnnnnnnnnnnnnnnnnnnnnnnnnnnnnnnnnnnnnnnnnnnnnnnnnnnnnnnnnnnnnnnnnnnnnnnnnnnnnnnnnnnGGGAATGAGAGTGGCCCTGGAGCGAGGGAAGGGAGGGATGGGAATGGAAATCCTGGAAGGGTACCTTCGGATACGGCTGTAACGAATATGGGCACGAACACCAATATCAGCACGGCGAGTATGGGGGGTATGGCAGATAAGGAAAAGGATCGACGATTATCGACCATGAGCCAAGCGAGTTTGAGAAGCCAAACGAGCCAGACCACCGAAACCACTCAAGCTAGCCAAACTGATACCGATCCCGCTTCCGCGTCTGCCTCGGTAGGGTTAGGTCTCGGTATGTCCGTTTCCATTTCCTCCTCTACTTACCCGACAACAACGTCCGAAACCGACTCTCAACGCAGATCAGGGAGAGGGGGGATAACTATCCGCCGGAAAGAAATC	793	GTTGCCGAGATCGTTCTTACCCCCCATCCCCCCCATCTCCTCCTCCCCGTCCTCCTCCATGTCCCGTGCCCATGCCACCGCTACTACCTCGACGTACGCGCAAGAGGGAAAACGGAAATCCCACCTCCGGGTCTTATCGACCAGTTCCCAAATCCCGCGTCATTTCATCCTTTCCCTAGCGCGTCTGGCGACATCTCCTCCCATTTTACGATGTCTTCGGTCGTCCGGGAATGAGAGTGGCCCTGGAGCGAGGGAAGGGAGGGATGGGAATGGAAATCCTGGAAGGGTACCTTCGGATACGGCTGTAACGAATATGGGCACGAACACCAATATCAGCACGGCGAGTATGGGGGGTATGGCAGATAAGGAAAAGGATCGACGATTATCGACCATGAGCCAAGCGAGTTTGAGAAGCCAAACGAGCCAGACCACCGAAACCACTCAAGCTAGCCAAACTGATACCGATCCCGCTTCCGCGTCTGCCTCGGTAGGGTTAGGTCTCGGTATGTCCGTTTCCATTTCCTCCTCTACTTACCCGACAACAACGTCCGAAACCGACTCTCAACGCAGATCAGGGAGAGGGGGGATAACTATCCGCCGGAAAGAAATC	610	183	1 NAME 18_242248_248680_G042_244749_244931_P6 CHROM supercontig_1.18_of_Cryptococcus_neoformans_Serotype_B_CBS7750_SOAP_DE_NOVO START 244492 END 245339 FWD 31 REV 23 AMPLICOM 793 AMPLICOM CLEAN 610 AMPLICOM DIFF183
18_242248_248680_G043_244749_244931_P7	original/cbs7750_DE_NOVO_LAST.fasta	supercontig_1.18_of_Cryptococcus_neoformans_Serotype_B_CBS7750_SOAP_DE_NOVO	244492	245583	AGGTGGCGTTGGGTTGTTTGGTGAGGCATGA	31	GGATGGGCGAGTTTGAAACTTGAGTTT	27	GTTGCCGAGATCGTTCTTACCCCCCATCCCCCCCATCTCCTCCTCCCCGTCCTCCTCCATGTCCCGTGCCCATGCCACCGCTACTACCTCGACGTACGCGCAAGAGGGAAAACGGAAATCCCACCTCCGGGTCTTATCGACCAGTTCCCAAATCCCGCGTCATTTCATCCTTTCCCTAGCGCGTCTGGCGACATCTCCTCCCATTTTACGATGTCTTCGGTCGTCCnnnnnnnnnnnnnnnnnnnnnnnnnnnnnnnnnnnnnnnnnnnnnnnnnnnnnnnnnnnnnnnnnnnnnnnnnnnnnnnnnnnnnnnnnnnnnnnnnnnnnnnnnnnnnnnnnnnnnnnnnnnnnnnnnnnnnnnnnnnnnnnnnnnnnnnnnnnnnnnnnnnnnnnnnnnnnnnnnnnnnnnGGGAATGAGAGTGGCCCTGGAGCGAGGGAAGGGAGGGATGGGAATGGAAATCCTGGAAGGGTACCTTCGGATACGGCTGTAACGAATATGGGCACGAACACCAATATCAGCACGGCGAGTATGGGGGGTATGGCAGATAAGGAAAAGGATCGACGATTATCGACCATGAGCCAAGCGAGTTTGAGAAGCCAAACGAGCCAGACCACCGAAACCACTCAAGCTAGCCAAACTGATACCGATCCCGCTTCCGCGTCTGCCTCGGTAGGGTTAGGTCTCGGTATGTCCGTTTCCATTTCCTCCTCTACTTACCCGACAACAACGTCCGAAACCGACTCTCAACGCAGATCAGGGAGAGGGGGGATAACTATCCGCCGGAAAGAAATCACTCAAGGAAACGCCGGTATCTTCTCCATCCTTTCCCAACAGGCAAGGGTCCTAGGAATCGAGATTTTGCGGGATGTATTCCCGACTGAGAGGAGCGTATTTGTGCTTTGGCCACCTGCAGGTTCAGGTCAAGGTGATGGTCGACGGAAAGATATAGGGAAAGGGTTGTCGAGCGGAGGTATGGTAGGAGTTGATGATGAGCTCGGTGTAGGTTTTACCAGAGCTGGAGTTGAAGATTTC	1033	GTTGCCGAGATCGTTCTTACCCCCCATCCCCCCCATCTCCTCCTCCCCGTCCTCCTCCATGTCCCGTGCCCATGCCACCGCTACTACCTCGACGTACGCGCAAGAGGGAAAACGGAAATCCCACCTCCGGGTCTTATCGACCAGTTCCCAAATCCCGCGTCATTTCATCCTTTCCCTAGCGCGTCTGGCGACATCTCCTCCCATTTTACGATGTCTTCGGTCGTCCGGGAATGAGAGTGGCCCTGGAGCGAGGGAAGGGAGGGATGGGAATGGAAATCCTGGAAGGGTACCTTCGGATACGGCTGTAACGAATATGGGCACGAACACCAATATCAGCACGGCGAGTATGGGGGGTATGGCAGATAAGGAAAAGGATCGACGATTATCGACCATGAGCCAAGCGAGTTTGAGAAGCCAAACGAGCCAGACCACCGAAACCACTCAAGCTAGCCAAACTGATACCGATCCCGCTTCCGCGTCTGCCTCGGTAGGGTTAGGTCTCGGTATGTCCGTTTCCATTTCCTCCTCTACTTACCCGACAACAACGTCCGAAACCGACTCTCAACGCAGATCAGGGAGAGGGGGGATAACTATCCGCCGGAAAGAAATCACTCAAGGAAACGCCGGTATCTTCTCCATCCTTTCCCAACAGGCAAGGGTCCTAGGAATCGAGATTTTGCGGGATGTATTCCCGACTGAGAGGAGCGTATTTGTGCTTTGGCCACCTGCAGGTTCAGGTCAAGGTGATGGTCGACGGAAAGATATAGGGAAAGGGTTGTCGAGCGGAGGTATGGTAGGAGTTGATGATGAGCTCGGTGTAGGTTTTACCAGAGCTGGAGTTGAAGATTTC	850	183	1 NAME 18_242248_248680_G043_244749_244931_P7 CHROM supercontig_1.18_of_Cryptococcus_neoformans_Serotype_B_CBS7750_SOAP_DE_NOVO START 244492 END 245583 FWD 31 REV 27 AMPLICOM 1033 AMPLICOM CLEAN 850 AMPLICOM DIFF183
18_242248_248680_G050_246730_246782_P8	original/cbs7750_DE_NOVO_LAST.fasta	supercontig_1.18_of_Cryptococcus_neoformans_Serotype_B_CBS7750_SOAP_DE_NOVO	246562	247028	CTTCGTCTCTCGGACGGTTC	20	TCTACTGTCCGAGCGGCGACG	21	CGTCGGGGACTTCTATCTTCCCCTTTTGACCGATCAGGAGTGCACAAAAAGGGAACGAAAGTGTCAAAAGGAACGAATTCGATGTCGAGATGCGAAACGGTCAGGAATGGACAGGATGACCGCGTGGGAGGAAGAAATCATGGTGAATnnnnnnnnnnnnnnnnnnnnnnnnnnnnnnnnnnnnnnnnnnnnnnnnnnnnnATGTGAAGTATTGGAGCCATTGCCACTGGCTTGGATAAAGAGTACGAGTTTGACGCATGGAATGGCGATGCTGCATAACGGCGAAACGTAAGGTTCCTCCCATTCAGAGGAAGTTTTCTCTTTGCTGTAGGAGCTAACACTCGCTTAATAGCTCGACGATTCAGATCACGCTCGAGAACACGTCCTCCATTCCTATCAACTACCTTAGACTGTCCTTCGAAGAC	425	CGTCGGGGACTTCTATCTTCCCCTTTTGACCGATCAGGAGTGCACAAAAAGGGAACGAAAGTGTCAAAAGGAACGAATTCGATGTCGAGATGCGAAACGGTCAGGAATGGACAGGATGACCGCGTGGGAGGAAGAAATCATGGTGAATATGTGAAGTATTGGAGCCATTGCCACTGGCTTGGATAAAGAGTACGAGTTTGACGCATGGAATGGCGATGCTGCATAACGGCGAAACGTAAGGTTCCTCCCATTCAGAGGAAGTTTTCTCTTTGCTGTAGGAGCTAACACTCGCTTAATAGCTCGACGATTCAGATCACGCTCGAGAACACGTCCTCCATTCCTATCAACTACCTTAGACTGTCCTTCGAAGAC	372	53	1 NAME 18_242248_248680_G050_246730_246782_P8 CHROM supercontig_1.18_of_Cryptococcus_neoformans_Serotype_B_CBS7750_SOAP_DE_NOVO START 246562 END 247028 FWD 20 REV 21 AMPLICOM 425 AMPLICOM CLEAN 372 AMPLICOM DIFF53
18_242248_248680_G060_248532_248587_P12	original/cbs7750_DE_NOVO_LAST.fasta	supercontig_1.18_of_Cryptococcus_neoformans_Serotype_B_CBS7750_SOAP_DE_NOVO	248151	249142	TTCGTGTGATTTTGCGAGGACG	22	GTGATAAGGAAGTACCTGAGATCGAG	26	GGGAAAGGATGGTGATGTTAGGGCAATGGACTTTGTTGATCTCGTGGTTGAGGTGACAAATAACTTGGGTGAGTATTTCGATCTCCGCTTCCTCTCAGCTTCTTCGACAATGTATTAATCTTCTGACTGTTTTTGGTTAGAACGACCCTACCGTCCGTACATCAATCTCACATGTCTCCCTACGTCCTCCACAGACTTTTCTTGGGCTCGTCCAACTTCCATCTACCGCCCCTCTTCCACTGAACAACATTCACATGTACACCCGCATCGAAATGTCTTATTTGATGGTTACCCAGCTGGTACTTTGGCTATGTTGCAAAAGGGCGAGAAAAATGTTTATGAAGTGGGCACGACGTTCTnnnnnnnnnnnnnnnnnnnnnnnnnnnnnnnnnnnnnnnnnnnnnnnnnnnnnnnnAAAGAAGGGAACATAGTCCAGGTCGAACGAAAACAGGTCTGGTTTTCGCCAATATTGCAAGTCCAGGTCGTCTAAGCATTTTTCATCATGGATAGATGAGTTTCATACTCTTGGTGCGTAAACAAATACATTATATGTAGTACGATTTGTGAAATCTGGATCCTTCGCATTCAACCGATAAACCCGGATAACAAAAATGAGAAAAGAATCTGTATCTAGTTATACAAAACAGCATGCACGCCTAGCATCATAGAAAGTAGTAAGACCAAATAGCACACCCCAAGAACTCGCTCATTGGGCAAGGTTGACAAACTAGGCAATGATACCGTGAGCCTTTTGATATTCCTTGAGGCAGCCTTTGAGGGATCCATATCGTTGCGTCGCGTCGGCAGAGTCGGGCACTTTATAATGATCGTTAGCTCCACAGCACTCGAGTCTAGAATTGCGTTTGACTAACAGAAGACACCGTTGTTGATGGTAAGGACCTTCATCTTGGGGTGGTATGTTAGACCGGTAAGAAGCTTGGGT	943	GGGAAAGGATGGTGATGTTAGGGCAATGGACTTTGTTGATCTCGTGGTTGAGGTGACAAATAACTTGGGTGAGTATTTCGATCTCCGCTTCCTCTCAGCTTCTTCGACAATGTATTAATCTTCTGACTGTTTTTGGTTAGAACGACCCTACCGTCCGTACATCAATCTCACATGTCTCCCTACGTCCTCCACAGACTTTTCTTGGGCTCGTCCAACTTCCATCTACCGCCCCTCTTCCACTGAACAACATTCACATGTACACCCGCATCGAAATGTCTTATTTGATGGTTACCCAGCTGGTACTTTGGCTATGTTGCAAAAGGGCGAGAAAAATGTTTATGAAGTGGGCACGACGTTCTAAAGAAGGGAACATAGTCCAGGTCGAACGAAAACAGGTCTGGTTTTCGCCAATATTGCAAGTCCAGGTCGTCTAAGCATTTTTCATCATGGATAGATGAGTTTCATACTCTTGGTGCGTAAACAAATACATTATATGTAGTACGATTTGTGAAATCTGGATCCTTCGCATTCAACCGATAAACCCGGATAACAAAAATGAGAAAAGAATCTGTATCTAGTTATACAAAACAGCATGCACGCCTAGCATCATAGAAAGTAGTAAGACCAAATAGCACACCCCAAGAACTCGCTCATTGGGCAAGGTTGACAAACTAGGCAATGATACCGTGAGCCTTTTGATATTCCTTGAGGCAGCCTTTGAGGGATCCATATCGTTGCGTCGCGTCGGCAGAGTCGGGCACTTTATAATGATCGTTAGCTCCACAGCACTCGAGTCTAGAATTGCGTTTGACTAACAGAAGACACCGTTGTTGATGGTAAGGACCTTCATCTTGGGGTGGTATGTTAGACCGGTAAGAAGCTTGGGT	887	56	1 NAME 18_242248_248680_G060_248532_248587_P12 CHROM supercontig_1.18_of_Cryptococcus_neoformans_Serotype_B_CBS7750_SOAP_DE_NOVO START 248151 END 249142 FWD 22 REV 26 AMPLICOM 943 AMPLICOM CLEAN 887 AMPLICOM DIFF56
